id,target
c0f722661,-0.11104832609149984
f0953f0a5,-0.2965326433099724
0df072751,-0.4531311972829508
04caf4e0c,-2.513615539603526
0e63f8bea,-2.091509927748336
12537fe78,-0.4469823366168839
965e592c0,-0.2576182976538419
